{
  "Result": {
    "IdProducto": 101010,
    "IdSistema": 194951,
    "IdTransaccion": 205138965,
    "Mensaje": "Se han transferido Q10 al 46097257. Su nuevo saldo es Q68.07 Ref: R250920.1235.660005 Gracias por utilizar el servicio Tigo.",
    "Procesado": true,
    "RefPlataforma": "R250920.1235.660005",
    "Valor": 10
  }
}