{
  "Result": {
    "IdProducto": 101005,
    "IdSistema": 194952,
    "IdTransaccion": 324127671,
    "Mensaje": "Se han transferido Q5 al 46097257. Su nuevo saldo es Q63.07 Ref: R250920.1250.660007 Gracias por utilizar el servicio Tigo.",
    "Procesado": true,
    "RefPlataforma": "R250920.1250.660007",
    "Valor": 5
  }
}