{
  "Result": {
    "IdProducto": 101005,
    "IdSistema": 194955,
    "IdTransaccion": 714246240,
    "Mensaje": "Se han transferido Q5 al 46097257. Su nuevo saldo es Q48.07 Ref: R250920.1421.260001 Gracias por utilizar el servicio Tigo.",
    "Procesado": true,
    "RefPlataforma": "R250920.1421.260001",
    "Valor": 5
  }
}