{
  "Result": {
    "IdProducto": 101005,
    "IdSistema": 194946,
    "IdTransaccion": 816826209,
    "Mensaje": "Se han transferido Q5 al 46097257. Su nuevo saldo es Q98.07 Ref: R250920.0913.650006 Gracias por utilizar el servicio Tigo.",
    "Procesado": true,
    "RefPlataforma": "R250920.0913.650006",
    "Valor": 5
  }
}